"Date","User","Service","Name","Status","Start date","Time type","Client","Project","Hours","Payroll type","Group","Status","Invoice #","External ID (time)"
"09/11/2026","ZAMBRANO, JUAN","DSX: US","09/06/2026 to 09/12/2026","Open","09/06/2026","","ADRES","CO - Adres - Operación Auditoria Cuentas Medicas - Ret","0.50","","Data Engineering","","",""
"09/10/2026","ZAMBRANO, JUAN","DSX: US","09/06/2026 to 09/12/2026","Open","09/06/2026","","ADRES","CO - Adres - Operación Auditoria Cuentas Medicas - Ret","0.50","","Data Engineering","","",""
"09/09/2026","ZAMBRANO, JUAN","DSX: US","09/06/2026 to 09/12/2026","Open","09/06/2026","","ADRES","CO - Adres - Operación Auditoria Cuentas Medicas - Ret","0.50","","Data Engineering","","",""
"09/08/2026","ZAMBRANO, JUAN","DSX: US","09/06/2026 to 09/12/2026","Open","09/06/2026","","ADRES","CO - Adres - Operación Auditoria Cuentas Medicas - Ret","0.50","","Data Engineering","","",""
"09/07/2026","ZAMBRANO, JUAN","DSX: US","09/06/2026 to 09/12/2026","Open","09/06/2026","","ADRES","CO - Adres - Operación Auditoria Cuentas Medicas - Ret","0.50","","Data Engineering","","",""
"09/04/2026","PINEDA LARA, GERSON NICOLAS","DSX: US","08/30/2026 to 09/05/2026","Open","08/30/2026","","ADRES","CO - Adres - Operación Auditoria Cuentas Medicas - Ret","0.80","","AI Engineering","","",""
"09/04/2026","SANCHEZ YAÑEZ, NICOLAS DAVID","DSX: US","08/30/2026 to 09/05/2026","Approved","08/30/2026","","ADRES","CO - Adres - Operación Auditoria Cuentas Medicas - Ret","8.00","","AI Engineering","","",""
"09/04/2026","ZAMBRANO, JUAN","DSX: US","08/30/2026 to 09/05/2026","Approved","08/30/2026","","ADRES","CO - Adres - Operación Auditoria Cuentas Medicas - Ret","0.50","","Data Engineering","","",""
"09/04/2026","ANGEL VAHOS, CRISTIAN PAUL","DSX: US","08/30/2026 to 09/05/2026","Approved","08/30/2026","","ADRES","CO - Adres - Operación Auditoria Cuentas Medicas - Ret","8.00","","Data Engineering","","",""
"09/03/2026","PINEDA LARA, GERSON NICOLAS","DSX: US","08/30/2026 to 09/05/2026","Open","08/30/2026","","ADRES","CO - Adres - Operación Auditoria Cuentas Medicas - Ret","0.85","","AI Engineering","","",""
"09/03/2026","SANCHEZ YAÑEZ, NICOLAS DAVID","DSX: US","08/30/2026 to 09/05/2026","Approved","08/30/2026","","ADRES","CO - Adres - Operación Auditoria Cuentas Medicas - Ret","8.50","","AI Engineering","","",""
"09/03/2026","ZAMBRANO, JUAN","DSX: US","08/30/2026 to 09/05/2026","Approved","08/30/2026","","ADRES","CO - Adres - Operación Auditoria Cuentas Medicas - Ret","0.50","","Data Engineering","","",""
"09/03/2026","ANGEL VAHOS, CRISTIAN PAUL","DSX: US","08/30/2026 to 09/05/2026","Approved","08/30/2026","","ADRES","CO - Adres - Operación Auditoria Cuentas Medicas - Ret","8.50","","Data Engineering","","",""
"09/02/2026","PINEDA LARA, GERSON NICOLAS","DSX: US","08/30/2026 to 09/05/2026","Open","08/30/2026","","ADRES","CO - Adres - Operación Auditoria Cuentas Medicas - Ret","0.85","","AI Engineering","","",""
"09/02/2026","SANCHEZ YAÑEZ, NICOLAS DAVID","DSX: US","08/30/2026 to 09/05/2026","Approved","08/30/2026","","ADRES","CO - Adres - Operación Auditoria Cuentas Medicas - Ret","4.50","","AI Engineering","","",""
"09/02/2026","ZAMBRANO, JUAN","DSX: US","08/30/2026 to 09/05/2026","Approved","08/30/2026","","ADRES","CO - Adres - Operación Auditoria Cuentas Medicas - Ret","0.50","","Data Engineering","","",""
"09/02/2026","ANGEL VAHOS, CRISTIAN PAUL","DSX: US","08/30/2026 to 09/05/2026","Approved","08/30/2026","","ADRES","CO - Adres - Operación Auditoria Cuentas Medicas - Ret","4.50","","Data Engineering","","",""
"09/02/2026","BERNAL, HERNANDO","DSX: US","08/30/2026 to 09/05/2026","Approved","08/30/2026","","ADRES","CO - Adres - Operación Auditoria Cuentas Medicas - Ret","2.00","","Data Engineering","","",""
"09/01/2026","PINEDA LARA, GERSON NICOLAS","DSX: US","08/30/2026 to 09/05/2026","Open","08/30/2026","","ADRES","CO - Adres - Operación Auditoria Cuentas Medicas - Ret","0.95","","AI Engineering","","",""
"09/01/2026","ZAMBRANO, JUAN","DSX: US","08/30/2026 to 09/05/2026","Approved","08/30/2026","","ADRES","CO - Adres - Operación Auditoria Cuentas Medicas - Ret","0.50","","Data Engineering","","",""
"08/31/2026","ZAMBRANO, JUAN","DSX: US","08/30/2026 to 09/05/2026","Approved","08/30/2026","","ADRES","CO - Adres - Operación Auditoria Cuentas Medicas - Ret","0.50","","Data Engineering","","",""
"08/31/2026","GARZON LOPEZ, SANTIAGO JOSE","DSX: US","08/30/2026 to 09/05/2026","Approved","08/30/2026","","ADRES","CO - Adres - Operación Auditoria Cuentas Medicas - Ret","8.00","","Full Stack","","",""
"08/31/2026","VIVAS, JULIAN","DSX: US","08/30/2026 to 09/05/2026","Approved","08/30/2026","","ADRES","CO - Adres - Operación Auditoria Cuentas Medicas - Ret","5.00","","Project Management","","",""
"08/31/2026","ROJAS CHARRY, DIANA CLEMENCIA","DSX: US","08/30/2026 to 09/05/2026","Approved","08/30/2026","","ADRES","CO - Adres - Operación Auditoria Cuentas Medicas - Ret","3.50","","Project Management","","",""
"08/31/2026","SIATAMA, DAVID","DSX: US","08/30/2026 to 09/05/2026","Approved","08/30/2026","","ADRES","CO - Adres - Operación Auditoria Cuentas Medicas - Ret","1.00","","Data Engineering","","",""
"08/31/2026","PINEDA LARA, GERSON NICOLAS","DSX: US","08/30/2026 to 09/05/2026","Approved","08/30/2026","","ADRES","CO - Adres - Operación Auditoria Cuentas Medicas - Ret","0.85","","AI Engineering","","",""
"08/28/2026","ZAMBRANO, JUAN","DSX: US","08/23/2026 to 08/29/2026","Approved","08/23/2026","","ADRES","CO - Adres - Operación Auditoria Cuentas Medicas - Ret","0.50","","Data Engineering","","",""
"08/28/2026","PINEDA LARA, GERSON NICOLAS","DSX: US","08/23/2026 to 08/29/2026","Approved","08/23/2026","","ADRES","CO - Adres - Operación Auditoria Cuentas Medicas - Ret","0.85","","AI Engineering","","",""
"08/28/2026","VIVAS, JULIAN","DSX: US","08/23/2026 to 08/29/2026","Approved","08/23/2026","","ADRES","CO - Adres - Operación Auditoria Cuentas Medicas - Ret","4.00","","Project Management","","",""
"08/28/2026","ROJAS CHARRY, DIANA CLEMENCIA","DSX: US","08/23/2026 to 08/29/2026","Approved","08/23/2026","","ADRES","CO - Adres - Operación Auditoria Cuentas Medicas - Ret","4.00","","Project Management","","",""
"08/28/2026","ANGEL VAHOS, CRISTIAN PAUL","DSX: US","08/23/2026 to 08/29/2026","Approved","08/23/2026","","ADRES","CO - Adres - Operación Auditoria Cuentas Medicas - Ret","8.50","","Data Engineering","","",""
"08/28/2026","CALDERON, SIMON","DSX: US","08/23/2026 to 08/29/2026","Approved","08/23/2026","","ADRES","CO - Adres - Operación Auditoria Cuentas Medicas - Ret","1.70","","Data Engineering","","",""
"08/28/2026","SIERRA, JORGE","DSX: US","08/23/2026 to 08/29/2026","Approved","08/23/2026","","ADRES","CO - Adres - Operación Auditoria Cuentas Medicas - Ret","2.00","","Data Engineering","","",""
"08/27/2026","ZAMBRANO, JUAN","DSX: US","08/23/2026 to 08/29/2026","Approved","08/23/2026","","ADRES","CO - Adres - Operación Auditoria Cuentas Medicas - Ret","0.50","","Data Engineering","","",""
"08/27/2026","PINEDA LARA, GERSON NICOLAS","DSX: US","08/23/2026 to 08/29/2026","Approved","08/23/2026","","ADRES","CO - Adres - Operación Auditoria Cuentas Medicas - Ret","0.85","","AI Engineering","","",""
"08/27/2026","VIVAS, JULIAN","DSX: US","08/23/2026 to 08/29/2026","Approved","08/23/2026","","ADRES","CO - Adres - Operación Auditoria Cuentas Medicas - Ret","2.00","","Project Management","","",""
"08/27/2026","ESPINO, JOHAN","DSX: US","08/23/2026 to 08/29/2026","Approved","08/23/2026","","ADRES","CO - Adres - Operación Auditoria Cuentas Medicas - Ret","0.50","","Data Engineering","","",""
"08/27/2026","ROJAS CHARRY, DIANA CLEMENCIA","DSX: US","08/23/2026 to 08/29/2026","Approved","08/23/2026","","ADRES","CO - Adres - Operación Auditoria Cuentas Medicas - Ret","5.00","","Project Management","","",""
"08/27/2026","ANGEL VAHOS, CRISTIAN PAUL","DSX: US","08/23/2026 to 08/29/2026","Approved","08/23/2026","","ADRES","CO - Adres - Operación Auditoria Cuentas Medicas - Ret","8.50","","Data Engineering","","",""
"08/27/2026","BERNAL, HERNANDO","DSX: US","08/23/2026 to 08/29/2026","Approved","08/23/2026","","ADRES","CO - Adres - Operación Auditoria Cuentas Medicas - Ret","4.00","","Data Engineering","","",""
"08/27/2026","CALDERON, SIMON","DSX: US","08/23/2026 to 08/29/2026","Approved","08/23/2026","","ADRES","CO - Adres - Operación Auditoria Cuentas Medicas - Ret","1.50","","Data Engineering","","",""
"08/27/2026","SIERRA, JORGE","DSX: US","08/23/2026 to 08/29/2026","Approved","08/23/2026","","ADRES","CO - Adres - Operación Auditoria Cuentas Medicas - Ret","8.00","","Data Engineering","","",""
"08/26/2026","ZAMBRANO, JUAN","DSX: US","08/23/2026 to 08/29/2026","Approved","08/23/2026","","ADRES","CO - Adres - Operación Auditoria Cuentas Medicas - Ret","0.50","","Data Engineering","","",""
"08/26/2026","PINEDA LARA, GERSON NICOLAS","DSX: US","08/23/2026 to 08/29/2026","Approved","08/23/2026","","ADRES","CO - Adres - Operación Auditoria Cuentas Medicas - Ret","1.15","","AI Engineering","","",""
"08/26/2026","VIVAS, JULIAN","DSX: US","08/23/2026 to 08/29/2026","Approved","08/23/2026","","ADRES","CO - Adres - Operación Auditoria Cuentas Medicas - Ret","4.00","","Project Management","","",""
"08/26/2026","ROJAS CHARRY, DIANA CLEMENCIA","DSX: US","08/23/2026 to 08/29/2026","Approved","08/23/2026","","ADRES","CO - Adres - Operación Auditoria Cuentas Medicas - Ret","3.50","","Project Management","","",""
"08/26/2026","ANGEL VAHOS, CRISTIAN PAUL","DSX: US","08/23/2026 to 08/29/2026","Approved","08/23/2026","","ADRES","CO - Adres - Operación Auditoria Cuentas Medicas - Ret","4.00","","Data Engineering","","",""
"08/26/2026","BERNAL, HERNANDO","DSX: US","08/23/2026 to 08/29/2026","Approved","08/23/2026","","ADRES","CO - Adres - Operación Auditoria Cuentas Medicas - Ret","2.00","","Data Engineering","","",""
"08/26/2026","SIERRA, JORGE","DSX: US","08/23/2026 to 08/29/2026","Approved","08/23/2026","","ADRES","CO - Adres - Operación Auditoria Cuentas Medicas - Ret","8.00","","Data Engineering","","",""
"08/25/2026","PINEDA LARA, GERSON NICOLAS","DSX: US","08/23/2026 to 08/29/2026","Approved","08/23/2026","","ADRES","CO - Adres - Operación Auditoria Cuentas Medicas - Ret","1.00","","AI Engineering","","",""
"08/25/2026","ZAMBRANO, JUAN","DSX: US","08/23/2026 to 08/29/2026","Approved","08/23/2026","","ADRES","CO - Adres - Operación Auditoria Cuentas Medicas - Ret","0.50","","Data Engineering","","",""
"08/25/2026","VIVAS, JULIAN","DSX: US","08/23/2026 to 08/29/2026","Approved","08/23/2026","","ADRES","CO - Adres - Operación Auditoria Cuentas Medicas - Ret","4.00","","Project Management","","",""
"08/25/2026","ROJAS CHARRY, DIANA CLEMENCIA","DSX: US","08/23/2026 to 08/29/2026","Approved","08/23/2026","","ADRES","CO - Adres - Operación Auditoria Cuentas Medicas - Ret","5.50","","Project Management","","",""
"08/25/2026","SIERRA, JORGE","DSX: US","08/23/2026 to 08/29/2026","Approved","08/23/2026","","ADRES","CO - Adres - Operación Auditoria Cuentas Medicas - Ret","2.00","","Data Engineering","","",""
"08/24/2026","PINEDA LARA, GERSON NICOLAS","DSX: US","08/23/2026 to 08/29/2026","Approved","08/23/2026","","ADRES","CO - Adres - Operación Auditoria Cuentas Medicas - Ret","1.95","","AI Engineering","","",""
"08/24/2026","ZAMBRANO, JUAN","DSX: US","08/23/2026 to 08/29/2026","Approved","08/23/2026","","ADRES","CO - Adres - Operación Auditoria Cuentas Medicas - Ret","0.50","","Data Engineering","","",""
"08/24/2026","VIVAS, JULIAN","DSX: US","08/23/2026 to 08/29/2026","Approved","08/23/2026","","ADRES","CO - Adres - Operación Auditoria Cuentas Medicas - Ret","4.00","","Project Management","","",""
"08/24/2026","CHICACAUSA, JUANA","DSX: US","08/23/2026 to 08/29/2026","Approved","08/23/2026","","ADRES","CO - Adres - Operación Auditoria Cuentas Medicas - Ret","1.00","","Project Management","","",""
"08/24/2026","ROJAS CHARRY, DIANA CLEMENCIA","DSX: US","08/23/2026 to 08/29/2026","Approved","08/23/2026","","ADRES","CO - Adres - Operación Auditoria Cuentas Medicas - Ret","5.00","","Project Management","","",""
"08/21/2026","CASTILLO GIRALDO, DANIEL","DSX: US","08/16/2026 to 08/22/2026","Approved","08/16/2026","","ADRES","CO - Adres - Operación Auditoria Cuentas Medicas - Ret","0.50","","AI Engineering","","",""
"08/21/2026","ANGEL VAHOS, CRISTIAN PAUL","DSX: US","08/16/2026 to 08/22/2026","Approved","08/16/2026","","ADRES","CO - Adres - Operación Auditoria Cuentas Medicas - Ret","8.00","","Data Engineering","","",""
"08/21/2026","PINEDA LARA, GERSON NICOLAS","DSX: US","08/16/2026 to 08/22/2026","Approved","08/16/2026","","ADRES","CO - Adres - Operación Auditoria Cuentas Medicas - Ret","0.80","","AI Engineering","","",""
"08/21/2026","ZAMBRANO, JUAN","DSX: US","08/16/2026 to 08/22/2026","Approved","08/16/2026","","ADRES","CO - Adres - Operación Auditoria Cuentas Medicas - Ret","3.00","","Data Engineering","","",""
"08/21/2026","ROJAS CHARRY, DIANA CLEMENCIA","DSX: US","08/16/2026 to 08/22/2026","Approved","08/16/2026","","ADRES","CO - Adres - Operación Auditoria Cuentas Medicas - Ret","2.00","","Project Management","","",""
"08/21/2026","SIERRA, JORGE","DSX: US","08/16/2026 to 08/22/2026","Approved","08/16/2026","","ADRES","CO - Adres - Operación Auditoria Cuentas Medicas - Ret","5.00","","Data Engineering","","",""
"08/20/2026","CASTILLO GIRALDO, DANIEL","DSX: US","08/16/2026 to 08/22/2026","Approved","08/16/2026","","ADRES","CO - Adres - Operación Auditoria Cuentas Medicas - Ret","1.00","","AI Engineering","","",""
"08/20/2026","ANGEL VAHOS, CRISTIAN PAUL","DSX: US","08/16/2026 to 08/22/2026","Approved","08/16/2026","","ADRES","CO - Adres - Operación Auditoria Cuentas Medicas - Ret","8.50","","Data Engineering","","",""
"08/20/2026","PINEDA LARA, GERSON NICOLAS","DSX: US","08/16/2026 to 08/22/2026","Approved","08/16/2026","","ADRES","CO - Adres - Operación Auditoria Cuentas Medicas - Ret","0.85","","AI Engineering","","",""
"08/20/2026","ZAMBRANO, JUAN","DSX: US","08/16/2026 to 08/22/2026","Approved","08/16/2026","","ADRES","CO - Adres - Operación Auditoria Cuentas Medicas - Ret","0.75","","Data Engineering","","",""
"08/20/2026","BERNAL, HERNANDO","DSX: US","08/16/2026 to 08/22/2026","Approved","08/16/2026","","ADRES","CO - Adres - Operación Auditoria Cuentas Medicas - Ret","4.00","","Data Engineering","","",""
"08/20/2026","GARZON LOPEZ, SANTIAGO JOSE","DSX: US","08/16/2026 to 08/22/2026","Approved","08/16/2026","","ADRES","CO - Adres - Operación Auditoria Cuentas Medicas - Ret","6.00","","Full Stack","","",""
"08/20/2026","ROJAS CHARRY, DIANA CLEMENCIA","DSX: US","08/16/2026 to 08/22/2026","Approved","08/16/2026","","ADRES","CO - Adres - Operación Auditoria Cuentas Medicas - Ret","3.50","","Project Management","","",""
"08/20/2026","CALDERON, SIMON","DSX: US","08/16/2026 to 08/22/2026","Approved","08/16/2026","","ADRES","CO - Adres - Operación Auditoria Cuentas Medicas - Ret","1.70","","Data Engineering","","",""
"08/20/2026","SIERRA, JORGE","DSX: US","08/16/2026 to 08/22/2026","Approved","08/16/2026","","ADRES","CO - Adres - Operación Auditoria Cuentas Medicas - Ret","5.00","","Data Engineering","","",""
"08/19/2026","CASTILLO GIRALDO, DANIEL","DSX: US","08/16/2026 to 08/22/2026","Approved","08/16/2026","","ADRES","CO - Adres - Operación Auditoria Cuentas Medicas - Ret","1.00","","AI Engineering","","",""
"08/19/2026","PINEDA LARA, GERSON NICOLAS","DSX: US","08/16/2026 to 08/22/2026","Approved","08/16/2026","","ADRES","CO - Adres - Operación Auditoria Cuentas Medicas - Ret","1.05","","AI Engineering","","",""
"08/19/2026","ZAMBRANO, JUAN","DSX: US","08/16/2026 to 08/22/2026","Approved","08/16/2026","","ADRES","CO - Adres - Operación Auditoria Cuentas Medicas - Ret","0.75","","Data Engineering","","",""
"08/19/2026","BERNAL, HERNANDO","DSX: US","08/16/2026 to 08/22/2026","Approved","08/16/2026","","ADRES","CO - Adres - Operación Auditoria Cuentas Medicas - Ret","2.00","","Data Engineering","","",""
"08/19/2026","GARZON LOPEZ, SANTIAGO JOSE","DSX: US","08/16/2026 to 08/22/2026","Approved","08/16/2026","","ADRES","CO - Adres - Operación Auditoria Cuentas Medicas - Ret","3.00","","Full Stack","","",""
"08/19/2026","ROJAS CHARRY, DIANA CLEMENCIA","DSX: US","08/16/2026 to 08/22/2026","Approved","08/16/2026","","ADRES","CO - Adres - Operación Auditoria Cuentas Medicas - Ret","3.50","","Project Management","","",""
"08/19/2026","CALDERON, SIMON","DSX: US","08/16/2026 to 08/22/2026","Approved","08/16/2026","","ADRES","CO - Adres - Operación Auditoria Cuentas Medicas - Ret","1.70","","Data Engineering","","",""
"08/19/2026","CHICACAUSA, JUANA","DSX: US","08/16/2026 to 08/22/2026","Approved","08/16/2026","","ADRES","CO - Adres - Operación Auditoria Cuentas Medicas - Ret","0.50","","Project Management","","",""
"08/19/2026","SIERRA, JORGE","DSX: US","08/16/2026 to 08/22/2026","Approved","08/16/2026","","ADRES","CO - Adres - Operación Auditoria Cuentas Medicas - Ret","8.00","","Data Engineering","","",""
"08/18/2026","CASTILLO GIRALDO, DANIEL","DSX: US","08/16/2026 to 08/22/2026","Approved","08/16/2026","","ADRES","CO - Adres - Operación Auditoria Cuentas Medicas - Ret","1.00","","AI Engineering","","",""
"08/18/2026","PINEDA LARA, GERSON NICOLAS","DSX: US","08/16/2026 to 08/22/2026","Approved","08/16/2026","","ADRES","CO - Adres - Operación Auditoria Cuentas Medicas - Ret","0.95","","AI Engineering","","",""
"08/18/2026","ZAMBRANO, JUAN","DSX: US","08/16/2026 to 08/22/2026","Approved","08/16/2026","","ADRES","CO - Adres - Operación Auditoria Cuentas Medicas - Ret","0.75","","Data Engineering","","",""
"08/18/2026","GARZON LOPEZ, SANTIAGO JOSE","DSX: US","08/16/2026 to 08/22/2026","Approved","08/16/2026","","ADRES","CO - Adres - Operación Auditoria Cuentas Medicas - Ret","2.00","","Full Stack","","",""
"08/18/2026","ROJAS CHARRY, DIANA CLEMENCIA","DSX: US","08/16/2026 to 08/22/2026","Approved","08/16/2026","","ADRES","CO - Adres - Operación Auditoria Cuentas Medicas - Ret","4.50","","Project Management","","",""
"08/18/2026","CALDERON, SIMON","DSX: US","08/16/2026 to 08/22/2026","Approved","08/16/2026","","ADRES","CO - Adres - Operación Auditoria Cuentas Medicas - Ret","1.70","","Data Engineering","","",""
"08/18/2026","CHICACAUSA, JUANA","DSX: US","08/16/2026 to 08/22/2026","Approved","08/16/2026","","ADRES","CO - Adres - Operación Auditoria Cuentas Medicas - Ret","1.00","","Project Management","","",""
"08/14/2026","CASTILLO GIRALDO, DANIEL","DSX: US","08/09/2026 to 08/15/2026","Approved","08/09/2026","","ADRES","CO - Adres - Operación Auditoria Cuentas Medicas - Ret","0.50","","AI Engineering","","",""
"08/14/2026","PINEDA LARA, GERSON NICOLAS","DSX: US","08/09/2026 to 08/15/2026","Approved","08/09/2026","","ADRES","CO - Adres - Operación Auditoria Cuentas Medicas - Ret","0.80","","AI Engineering","","",""
"08/14/2026","ZAMBRANO, JUAN","DSX: US","08/09/2026 to 08/15/2026","Approved","08/09/2026","","ADRES","CO - Adres - Operación Auditoria Cuentas Medicas - Ret","3.00","","Data Engineering","","",""
"08/14/2026","CHICACAUSA, JUANA","DSX: US","08/09/2026 to 08/15/2026","Approved","08/09/2026","","ADRES","CO - Adres - Operación Auditoria Cuentas Medicas - Ret","1.00","","Project Management","","",""
"08/14/2026","CALDERON, SIMON","DSX: US","08/09/2026 to 08/15/2026","Approved","08/09/2026","","ADRES","CO - Adres - Operación Auditoria Cuentas Medicas - Ret","1.70","","Data Engineering","","",""
"08/14/2026","ROJAS CHARRY, DIANA CLEMENCIA","DSX: US","08/09/2026 to 08/15/2026","Approved","08/09/2026","","ADRES","CO - Adres - Operación Auditoria Cuentas Medicas - Ret","3.00","","Project Management","","",""
"08/13/2026","AGUILERA, ARMANDO","DSX: US","08/09/2026 to 08/15/2026","Approved","08/09/2026","","ADRES","CO - Adres - Operación Auditoria Cuentas Medicas - Ret","4.00","","Data Engineering","","",""
"08/13/2026","CASTILLO GIRALDO, DANIEL","DSX: US","08/09/2026 to 08/15/2026","Approved","08/09/2026","","ADRES","CO - Adres - Operación Auditoria Cuentas Medicas - Ret","1.00","","AI Engineering","","",""
"08/13/2026","PINEDA LARA, GERSON NICOLAS","DSX: US","08/09/2026 to 08/15/2026","Approved","08/09/2026","","ADRES","CO - Adres - Operación Auditoria Cuentas Medicas - Ret","0.90","","AI Engineering","","",""
"08/13/2026","ZAMBRANO, JUAN","DSX: US","08/09/2026 to 08/15/2026","Approved","08/09/2026","","ADRES","CO - Adres - Operación Auditoria Cuentas Medicas - Ret","0.75","","Data Engineering","","",""
"08/13/2026","BERNAL, HERNANDO","DSX: US","08/09/2026 to 08/15/2026","Approved","08/09/2026","","ADRES","CO - Adres - Operación Auditoria Cuentas Medicas - Ret","4.00","","Data Engineering","","",""
"08/13/2026","CHICACAUSA, JUANA","DSX: US","08/09/2026 to 08/15/2026","Approved","08/09/2026","","ADRES","CO - Adres - Operación Auditoria Cuentas Medicas - Ret","1.00","","Project Management","","",""
"08/13/2026","CALDERON, SIMON","DSX: US","08/09/2026 to 08/15/2026","Approved","08/09/2026","","ADRES","CO - Adres - Operación Auditoria Cuentas Medicas - Ret","1.70","","Data Engineering","","",""
"08/13/2026","ROJAS CHARRY, DIANA CLEMENCIA","DSX: US","08/09/2026 to 08/15/2026","Approved","08/09/2026","","ADRES","CO - Adres - Operación Auditoria Cuentas Medicas - Ret","3.00","","Project Management","","",""
"08/12/2026","CASTILLO GIRALDO, DANIEL","DSX: US","08/09/2026 to 08/15/2026","Approved","08/09/2026","","ADRES","CO - Adres - Operación Auditoria Cuentas Medicas - Ret","1.00","","AI Engineering","","",""
"08/12/2026","PINEDA LARA, GERSON NICOLAS","DSX: US","08/09/2026 to 08/15/2026","Approved","08/09/2026","","ADRES","CO - Adres - Operación Auditoria Cuentas Medicas - Ret","0.60","","AI Engineering","","",""
"08/12/2026","ZAMBRANO, JUAN","DSX: US","08/09/2026 to 08/15/2026","Approved","08/09/2026","","ADRES","CO - Adres - Operación Auditoria Cuentas Medicas - Ret","0.50","","Data Engineering","","",""
"08/12/2026","SIERRA, JORGE","DSX: US","08/09/2026 to 08/15/2026","Approved","08/09/2026","","ADRES","CO - Adres - Operación Auditoria Cuentas Medicas - Ret","8.00","","Data Engineering","","",""
"08/12/2026","CALDERON, SIMON","DSX: US","08/09/2026 to 08/15/2026","Approved","08/09/2026","","ADRES","CO - Adres - Operación Auditoria Cuentas Medicas - Ret","1.70","","Data Engineering","","",""
"08/12/2026","ROJAS CHARRY, DIANA CLEMENCIA","DSX: US","08/09/2026 to 08/15/2026","Approved","08/09/2026","","ADRES","CO - Adres - Operación Auditoria Cuentas Medicas - Ret","3.00","","Project Management","","",""
"08/12/2026","BARRERA, JAVIER","DSX: US","08/09/2026 to 08/15/2026","Approved","08/09/2026","","ADRES","CO - Adres - Operación Auditoria Cuentas Medicas - Ret","8.50","","Data Engineering","","",""
"08/11/2026","CASTILLO GIRALDO, DANIEL","DSX: US","08/09/2026 to 08/15/2026","Approved","08/09/2026","","ADRES","CO - Adres - Operación Auditoria Cuentas Medicas - Ret","1.00","","AI Engineering","","",""
"08/11/2026","PINEDA LARA, GERSON NICOLAS","DSX: US","08/09/2026 to 08/15/2026","Approved","08/09/2026","","ADRES","CO - Adres - Operación Auditoria Cuentas Medicas - Ret","0.70","","AI Engineering","","",""
"08/11/2026","ZAMBRANO, JUAN","DSX: US","08/09/2026 to 08/15/2026","Approved","08/09/2026","","ADRES","CO - Adres - Operación Auditoria Cuentas Medicas - Ret","0.50","","Data Engineering","","",""
"08/11/2026","SIERRA, JORGE","DSX: US","08/09/2026 to 08/15/2026","Approved","08/09/2026","","ADRES","CO - Adres - Operación Auditoria Cuentas Medicas - Ret","6.00","","Data Engineering","","",""
"08/11/2026","BERNAL, HERNANDO","DSX: US","08/09/2026 to 08/15/2026","Approved","08/09/2026","","ADRES","CO - Adres - Operación Auditoria Cuentas Medicas - Ret","1.00","","Data Engineering","","",""
"08/11/2026","CALDERON, SIMON","DSX: US","08/09/2026 to 08/15/2026","Approved","08/09/2026","","ADRES","CO - Adres - Operación Auditoria Cuentas Medicas - Ret","1.70","","Data Engineering","","",""
"08/11/2026","ROJAS CHARRY, DIANA CLEMENCIA","DSX: US","08/09/2026 to 08/15/2026","Approved","08/09/2026","","ADRES","CO - Adres - Operación Auditoria Cuentas Medicas - Ret","1.00","","Project Management","","",""
"08/10/2026","CASTILLO GIRALDO, DANIEL","DSX: US","08/09/2026 to 08/15/2026","Approved","08/09/2026","","ADRES","CO - Adres - Operación Auditoria Cuentas Medicas - Ret","1.00","","AI Engineering","","",""
"08/10/2026","PINEDA LARA, GERSON NICOLAS","DSX: US","08/09/2026 to 08/15/2026","Approved","08/09/2026","","ADRES","CO - Adres - Operación Auditoria Cuentas Medicas - Ret","0.80","","AI Engineering","","",""
"08/10/2026","ZAMBRANO, JUAN","DSX: US","08/09/2026 to 08/15/2026","Approved","08/09/2026","","ADRES","CO - Adres - Operación Auditoria Cuentas Medicas - Ret","0.50","","Data Engineering","","",""
"08/10/2026","SIERRA, JORGE","DSX: US","08/09/2026 to 08/15/2026","Approved","08/09/2026","","ADRES","CO - Adres - Operación Auditoria Cuentas Medicas - Ret","8.50","","Data Engineering","","",""
"08/10/2026","CALDERON, SIMON","DSX: US","08/09/2026 to 08/15/2026","Approved","08/09/2026","","ADRES","CO - Adres - Operación Auditoria Cuentas Medicas - Ret","1.70","","Data Engineering","","",""
"08/10/2026","ROJAS CHARRY, DIANA CLEMENCIA","DSX: US","08/09/2026 to 08/15/2026","Approved","08/09/2026","","ADRES","CO - Adres - Operación Auditoria Cuentas Medicas - Ret","2.00","","Project Management","","",""
"08/09/2026","SIERRA, JORGE","DSX: US","08/09/2026 to 08/15/2026","Approved","08/09/2026","","ADRES","CO - Adres - Operación Auditoria Cuentas Medicas - Ret","1.00","","Data Engineering","","",""
"08/06/2026","ZAMBRANO, JUAN","DSX: US","08/02/2026 to 08/08/2026","Approved","08/02/2026","","ADRES","CO - Adres - Operación Auditoria Cuentas Medicas - Ret","0.50","","Data Engineering","","",""
"08/06/2026","BERNAL, HERNANDO","DSX: US","08/02/2026 to 08/08/2026","Approved","08/02/2026","","ADRES","CO - Adres - Operación Auditoria Cuentas Medicas - Ret","4.00","","Data Engineering","","",""
"08/06/2026","ROJAS CHARRY, DIANA CLEMENCIA","DSX: US","08/02/2026 to 08/08/2026","Approved","08/02/2026","","ADRES","CO - Adres - Operación Auditoria Cuentas Medicas - Ret","3.50","","Project Management","","",""
"08/05/2026","ZAMBRANO, JUAN","DSX: US","08/02/2026 to 08/08/2026","Approved","08/02/2026","","ADRES","CO - Adres - Operación Auditoria Cuentas Medicas - Ret","0.50","","Data Engineering","","",""
"08/05/2026","BERNAL, HERNANDO","DSX: US","08/02/2026 to 08/08/2026","Approved","08/02/2026","","ADRES","CO - Adres - Operación Auditoria Cuentas Medicas - Ret","2.00","","Data Engineering","","",""
"08/05/2026","ROJAS CHARRY, DIANA CLEMENCIA","DSX: US","08/02/2026 to 08/08/2026","Approved","08/02/2026","","ADRES","CO - Adres - Operación Auditoria Cuentas Medicas - Ret","2.00","","Project Management","","",""
"08/05/2026","CHICACAUSA, JUANA","DSX: US","08/02/2026 to 08/08/2026","Approved","08/02/2026","","ADRES","CO - Adres - Operación Auditoria Cuentas Medicas - Ret","3.00","","Project Management","","",""
"08/04/2026","ZAMBRANO, JUAN","DSX: US","08/02/2026 to 08/08/2026","Approved","08/02/2026","","ADRES","CO - Adres - Operación Auditoria Cuentas Medicas - Ret","0.50","","Data Engineering","","",""
"08/04/2026","ROJAS CHARRY, DIANA CLEMENCIA","DSX: US","08/02/2026 to 08/08/2026","Approved","08/02/2026","","ADRES","CO - Adres - Operación Auditoria Cuentas Medicas - Ret","2.50","","Project Management","","",""
"08/04/2026","CHICACAUSA, JUANA","DSX: US","08/02/2026 to 08/08/2026","Approved","08/02/2026","","ADRES","CO - Adres - Operación Auditoria Cuentas Medicas - Ret","3.00","","Project Management","","",""
"08/03/2026","ZAMBRANO, JUAN","DSX: US","08/02/2026 to 08/08/2026","Approved","08/02/2026","","ADRES","CO - Adres - Operación Auditoria Cuentas Medicas - Ret","0.50","","Data Engineering","","",""
"08/03/2026","ROJAS CHARRY, DIANA CLEMENCIA","DSX: US","08/02/2026 to 08/08/2026","Approved","08/02/2026","","ADRES","CO - Adres - Operación Auditoria Cuentas Medicas - Ret","2.50","","Project Management","","",""
"08/03/2026","CHICACAUSA, JUANA","DSX: US","08/02/2026 to 08/08/2026","Approved","08/02/2026","","ADRES","CO - Adres - Operación Auditoria Cuentas Medicas - Ret","3.00","","Project Management","","",""
"07/31/2026","ZAMBRANO, JUAN","DSX: US","07/26/2026 to 08/01/2026","Approved","07/26/2026","","ADRES","CO - Adres - Operación Auditoria Cuentas Medicas - Ret","0.50","","Data Engineering","","",""
"07/31/2026","ROJAS CHARRY, DIANA CLEMENCIA","DSX: US","07/26/2026 to 08/01/2026","Approved","07/26/2026","","ADRES","CO - Adres - Operación Auditoria Cuentas Medicas - Ret","5.00","","Project Management","","",""
"07/31/2026","BERNAL, HERNANDO","DSX: US","07/26/2026 to 08/01/2026","Approved","07/26/2026","","ADRES","CO - Adres - Operación Auditoria Cuentas Medicas - Ret","2.00","","Data Engineering","","",""
"07/30/2026","ZAMBRANO, JUAN","DSX: US","07/26/2026 to 08/01/2026","Approved","07/26/2026","","ADRES","CO - Adres - Operación Auditoria Cuentas Medicas - Ret","0.50","","Data Engineering","","",""
"07/29/2026","AGUILERA, ARMANDO","DSX: US","07/26/2026 to 08/01/2026","Approved","07/26/2026","","ADRES","CO - Adres - Operación Auditoria Cuentas Medicas - Ret","1.50","","Data Engineering","","",""
"07/29/2026","ZAMBRANO, JUAN","DSX: US","07/26/2026 to 08/01/2026","Approved","07/26/2026","","ADRES","CO - Adres - Operación Auditoria Cuentas Medicas - Ret","0.50","","Data Engineering","","",""
"07/29/2026","ROJAS CHARRY, DIANA CLEMENCIA","DSX: US","07/26/2026 to 08/01/2026","Approved","07/26/2026","","ADRES","CO - Adres - Operación Auditoria Cuentas Medicas - Ret","4.00","","Project Management","","",""
"07/29/2026","BERNAL, HERNANDO","DSX: US","07/26/2026 to 08/01/2026","Approved","07/26/2026","","ADRES","CO - Adres - Operación Auditoria Cuentas Medicas - Ret","2.00","","Data Engineering","","",""
"07/28/2026","ZAMBRANO, JUAN","DSX: US","07/26/2026 to 08/01/2026","Approved","07/26/2026","","ADRES","CO - Adres - Operación Auditoria Cuentas Medicas - Ret","0.50","","Data Engineering","","",""
"07/28/2026","ROJAS CHARRY, DIANA CLEMENCIA","DSX: US","07/26/2026 to 08/01/2026","Approved","07/26/2026","","ADRES","CO - Adres - Operación Auditoria Cuentas Medicas - Ret","3.50","","Project Management","","",""
"07/27/2026","AGUILERA, ARMANDO","DSX: US","07/26/2026 to 08/01/2026","Approved","07/26/2026","","ADRES","CO - Adres - Operación Auditoria Cuentas Medicas - Ret","1.50","","Data Engineering","","",""
"07/27/2026","ZAMBRANO, JUAN","DSX: US","07/26/2026 to 08/01/2026","Approved","07/26/2026","","ADRES","CO - Adres - Operación Auditoria Cuentas Medicas - Ret","0.50","","Data Engineering","","",""
"07/27/2026","ROJAS CHARRY, DIANA CLEMENCIA","DSX: US","07/26/2026 to 08/01/2026","Approved","07/26/2026","","ADRES","CO - Adres - Operación Auditoria Cuentas Medicas - Ret","1.50","","Project Management","","",""
"07/27/2026","BERNAL, HERNANDO","DSX: US","07/26/2026 to 08/01/2026","Approved","07/26/2026","","ADRES","CO - Adres - Operación Auditoria Cuentas Medicas - Ret","2.00","","Data Engineering","","",""
"07/24/2026","ROJAS CHARRY, DIANA CLEMENCIA","DSX: US","07/19/2026 to 07/25/2026","Approved","07/19/2026","","ADRES","CO - Adres - Operación Auditoria Cuentas Medicas - Ret","2.50","","Project Management","","",""
"07/24/2026","ZAMBRANO, JUAN","DSX: US","07/19/2026 to 07/25/2026","Approved","07/19/2026","","ADRES","CO - Adres - Operación Auditoria Cuentas Medicas - Ret","0.50","","Data Engineering","","",""
"07/23/2026","ROJAS CHARRY, DIANA CLEMENCIA","DSX: US","07/19/2026 to 07/25/2026","Approved","07/19/2026","","ADRES","CO - Adres - Operación Auditoria Cuentas Medicas - Ret","2.00","","Project Management","","",""
"07/23/2026","ZAMBRANO, JUAN","DSX: US","07/19/2026 to 07/25/2026","Approved","07/19/2026","","ADRES","CO - Adres - Operación Auditoria Cuentas Medicas - Ret","0.50","","Data Engineering","","",""
"07/22/2026","ROJAS CHARRY, DIANA CLEMENCIA","DSX: US","07/19/2026 to 07/25/2026","Approved","07/19/2026","","ADRES","CO - Adres - Operación Auditoria Cuentas Medicas - Ret","3.00","","Project Management","","",""
"07/22/2026","ZAMBRANO, JUAN","DSX: US","07/19/2026 to 07/25/2026","Approved","07/19/2026","","ADRES","CO - Adres - Operación Auditoria Cuentas Medicas - Ret","0.50","","Data Engineering","","",""
"07/21/2026","BERNAL, HERNANDO","DSX: US","07/19/2026 to 07/25/2026","Approved","07/19/2026","","ADRES","CO - Adres - Operación Auditoria Cuentas Medicas - Ret","2.00","","Data Engineering","","",""
"07/21/2026","ZAMBRANO, JUAN","DSX: US","07/19/2026 to 07/25/2026","Approved","07/19/2026","","ADRES","CO - Adres - Operación Auditoria Cuentas Medicas - Ret","0.50","","Data Engineering","","",""
"07/20/2026","ZAMBRANO, JUAN","DSX: US","07/19/2026 to 07/25/2026","Approved","07/19/2026","","ADRES","CO - Adres - Operación Auditoria Cuentas Medicas - Ret","0.50","","Data Engineering","","",""
"07/17/2026","ZAMBRANO, JUAN","DSX: US","07/12/2026 to 07/18/2026","Approved","07/12/2026","","ADRES","CO - Adres - Operación Auditoria Cuentas Medicas - Ret","0.50","","Data Engineering","","",""
"07/17/2026","ROJAS CHARRY, DIANA CLEMENCIA","DSX: US","07/12/2026 to 07/18/2026","Approved","07/12/2026","","ADRES","CO - Adres - Operación Auditoria Cuentas Medicas - Ret","4.00","","Project Management","","",""
"07/16/2026","ZAMBRANO, JUAN","DSX: US","07/12/2026 to 07/18/2026","Approved","07/12/2026","","ADRES","CO - Adres - Operación Auditoria Cuentas Medicas - Ret","0.50","","Data Engineering","","",""
"07/16/2026","ROJAS CHARRY, DIANA CLEMENCIA","DSX: US","07/12/2026 to 07/18/2026","Approved","07/12/2026","","ADRES","CO - Adres - Operación Auditoria Cuentas Medicas - Ret","4.00","","Project Management","","",""
"07/15/2026","ZAMBRANO, JUAN","DSX: US","07/12/2026 to 07/18/2026","Approved","07/12/2026","","ADRES","CO - Adres - Operación Auditoria Cuentas Medicas - Ret","0.50","","Data Engineering","","",""
"07/14/2026","BERNAL, HERNANDO","DSX: US","07/12/2026 to 07/18/2026","Approved","07/12/2026","","ADRES","CO - Adres - Operación Auditoria Cuentas Medicas - Ret","2.00","","Data Engineering","","",""
"07/14/2026","ZAMBRANO, JUAN","DSX: US","07/12/2026 to 07/18/2026","Approved","07/12/2026","","ADRES","CO - Adres - Operación Auditoria Cuentas Medicas - Ret","0.50","","Data Engineering","","",""
"07/14/2026","ROJAS CHARRY, DIANA CLEMENCIA","DSX: US","07/12/2026 to 07/18/2026","Approved","07/12/2026","","ADRES","CO - Adres - Operación Auditoria Cuentas Medicas - Ret","2.00","","Project Management","","",""
"07/10/2026","ZAMBRANO, JUAN","DSX: US","07/05/2026 to 07/11/2026","Approved","07/05/2026","","ADRES","CO - Adres - Operación Auditoria Cuentas Medicas - Ret","0.50","","Data Engineering","","",""
"07/09/2026","ZAMBRANO, JUAN","DSX: US","07/05/2026 to 07/11/2026","Approved","07/05/2026","","ADRES","CO - Adres - Operación Auditoria Cuentas Medicas - Ret","0.50","","Data Engineering","","",""
"07/08/2026","ROJAS CHARRY, DIANA CLEMENCIA","DSX: US","07/05/2026 to 07/11/2026","Approved","07/05/2026","","ADRES","CO - Adres - Operación Auditoria Cuentas Medicas - Ret","1.00","","Project Management","","",""
"07/08/2026","ZAMBRANO, JUAN","DSX: US","07/05/2026 to 07/11/2026","Approved","07/05/2026","","ADRES","CO - Adres - Operación Auditoria Cuentas Medicas - Ret","0.50","","Data Engineering","","",""
"07/07/2026","ROJAS CHARRY, DIANA CLEMENCIA","DSX: US","07/05/2026 to 07/11/2026","Approved","07/05/2026","","ADRES","CO - Adres - Operación Auditoria Cuentas Medicas - Ret","3.50","","Project Management","","",""
"07/07/2026","ZAMBRANO, JUAN","DSX: US","07/05/2026 to 07/11/2026","Approved","07/05/2026","","ADRES","CO - Adres - Operación Auditoria Cuentas Medicas - Ret","0.50","","Data Engineering","","",""
"07/06/2026","BERNAL, HERNANDO","DSX: US","07/05/2026 to 07/11/2026","Approved","07/05/2026","","ADRES","CO - Adres - Operación Auditoria Cuentas Medicas - Ret","3.00","","Data Engineering","","",""
"07/06/2026","ZAMBRANO, JUAN","DSX: US","07/05/2026 to 07/11/2026","Approved","07/05/2026","","ADRES","CO - Adres - Operación Auditoria Cuentas Medicas - Ret","0.50","","Data Engineering","","",""
"07/03/2026","LALLE MONTAÑA, DANIELA","DSX: US","06/28/2026 to 07/04/2026","Approved","06/28/2026","","ADRES","CO - Adres - Operación Auditoria Cuentas Medicas - Ret","3.00","","Product Management","","",""
"07/03/2026","RODRIGUEZ RUBIO, SERGIO","DSX: US","06/28/2026 to 07/04/2026","Approved","06/28/2026","","ADRES","CO - Adres - Operación Auditoria Cuentas Medicas - Ret","4.00","","Data Engineering","","",""
"07/03/2026","ZAMBRANO, JUAN","DSX: US","06/28/2026 to 07/04/2026","Approved","06/28/2026","","ADRES","CO - Adres - Operación Auditoria Cuentas Medicas - Ret","0.50","","Data Engineering","","",""
"07/02/2026","LALLE MONTAÑA, DANIELA","DSX: US","06/28/2026 to 07/04/2026","Approved","06/28/2026","","ADRES","CO - Adres - Operación Auditoria Cuentas Medicas - Ret","7.00","","Product Management","","",""
"07/02/2026","RODRIGUEZ RUBIO, SERGIO","DSX: US","06/28/2026 to 07/04/2026","Approved","06/28/2026","","ADRES","CO - Adres - Operación Auditoria Cuentas Medicas - Ret","5.00","","Data Engineering","","",""
"07/02/2026","ZAMBRANO, JUAN","DSX: US","06/28/2026 to 07/04/2026","Approved","06/28/2026","","ADRES","CO - Adres - Operación Auditoria Cuentas Medicas - Ret","0.50","","Data Engineering","","",""
"07/01/2026","LALLE MONTAÑA, DANIELA","DSX: US","06/28/2026 to 07/04/2026","Approved","06/28/2026","","ADRES","CO - Adres - Operación Auditoria Cuentas Medicas - Ret","7.00","","Product Management","","",""
"07/01/2026","BERNAL, HERNANDO","DSX: US","06/28/2026 to 07/04/2026","Approved","06/28/2026","","ADRES","CO - Adres - Operación Auditoria Cuentas Medicas - Ret","3.00","","Data Engineering","","",""
"07/01/2026","RODRIGUEZ RUBIO, SERGIO","DSX: US","06/28/2026 to 07/04/2026","Approved","06/28/2026","","ADRES","CO - Adres - Operación Auditoria Cuentas Medicas - Ret","3.00","","Data Engineering","","",""
"07/01/2026","ZAMBRANO, JUAN","DSX: US","06/28/2026 to 07/04/2026","Approved","06/28/2026","","ADRES","CO - Adres - Operación Auditoria Cuentas Medicas - Ret","0.50","","Data Engineering","","",""
"06/30/2026","LALLE MONTAÑA, DANIELA","DSX: US","06/28/2026 to 07/04/2026","Approved","06/28/2026","","ADRES","CO - Adres - Operación Auditoria Cuentas Medicas - Ret","7.00","","Product Management","","",""
"06/30/2026","RODRIGUEZ RUBIO, SERGIO","DSX: US","06/28/2026 to 07/04/2026","Approved","06/28/2026","","ADRES","CO - Adres - Operación Auditoria Cuentas Medicas - Ret","7.00","","Data Engineering","","",""
"06/26/2026","ZAMBRANO, JUAN","DSX: US","06/21/2026 to 06/27/2026","Approved","06/21/2026","","ADRES","CO - Adres - Operación Auditoria Cuentas Medicas - Ret","0.50","","Data Engineering","","",""
"06/26/2026","LALLE MONTAÑA, DANIELA","DSX: US","06/21/2026 to 06/27/2026","Approved","06/21/2026","","ADRES","CO - Adres - Operación Auditoria Cuentas Medicas - Ret","3.00","","Product Management","","",""
"06/26/2026","ROJAS CHARRY, DIANA CLEMENCIA","DSX: US","06/21/2026 to 06/27/2026","Approved","06/21/2026","","ADRES","CO - Adres - Operación Auditoria Cuentas Medicas - Ret","2.00","","Project Management","","",""
"06/25/2026","ZAMBRANO, JUAN","DSX: US","06/21/2026 to 06/27/2026","Approved","06/21/2026","","ADRES","CO - Adres - Operación Auditoria Cuentas Medicas - Ret","0.50","","Data Engineering","","",""
"06/25/2026","BERNAL, HERNANDO","DSX: US","06/21/2026 to 06/27/2026","Approved","06/21/2026","","ADRES","CO - Adres - Operación Auditoria Cuentas Medicas - Ret","2.00","","Data Engineering","","",""
"06/25/2026","LALLE MONTAÑA, DANIELA","DSX: US","06/21/2026 to 06/27/2026","Approved","06/21/2026","","ADRES","CO - Adres - Operación Auditoria Cuentas Medicas - Ret","7.50","","Product Management","","",""
"06/25/2026","RODRIGUEZ RUBIO, SERGIO","DSX: US","06/21/2026 to 06/27/2026","Approved","06/21/2026","","ADRES","CO - Adres - Operación Auditoria Cuentas Medicas - Ret","4.00","","Data Engineering","","",""
"06/25/2026","ROJAS CHARRY, DIANA CLEMENCIA","DSX: US","06/21/2026 to 06/27/2026","Approved","06/21/2026","","ADRES","CO - Adres - Operación Auditoria Cuentas Medicas - Ret","4.00","","Project Management","","",""
"06/25/2026","CASTILLO GIRALDO, DANIEL","DSX: US","06/21/2026 to 06/27/2026","Approved","06/21/2026","","ADRES","CO - Adres - Operación Auditoria Cuentas Medicas - Ret","2.00","","AI Engineering","","",""
"06/24/2026","ZAMBRANO, JUAN","DSX: US","06/21/2026 to 06/27/2026","Approved","06/21/2026","","ADRES","CO - Adres - Operación Auditoria Cuentas Medicas - Ret","0.50","","Data Engineering","","",""
"06/24/2026","RODRIGUEZ RUBIO, SERGIO","DSX: US","06/21/2026 to 06/27/2026","Approved","06/21/2026","","ADRES","CO - Adres - Operación Auditoria Cuentas Medicas - Ret","2.00","","Data Engineering","","",""
"06/24/2026","ROJAS CHARRY, DIANA CLEMENCIA","DSX: US","06/21/2026 to 06/27/2026","Approved","06/21/2026","","ADRES","CO - Adres - Operación Auditoria Cuentas Medicas - Ret","2.00","","Project Management","","",""
"06/23/2026","ZAMBRANO, JUAN","DSX: US","06/21/2026 to 06/27/2026","Approved","06/21/2026","","ADRES","CO - Adres - Operación Auditoria Cuentas Medicas - Ret","0.50","","Data Engineering","","",""
"06/23/2026","ROJAS CHARRY, DIANA CLEMENCIA","DSX: US","06/21/2026 to 06/27/2026","Approved","06/21/2026","","ADRES","CO - Adres - Operación Auditoria Cuentas Medicas - Ret","2.00","","Project Management","","",""
"06/22/2026","ZAMBRANO, JUAN","DSX: US","06/21/2026 to 06/27/2026","Approved","06/21/2026","","ADRES","CO - Adres - Operación Auditoria Cuentas Medicas - Ret","0.50","","Data Engineering","","",""
"06/22/2026","ROJAS CHARRY, DIANA CLEMENCIA","DSX: US","06/21/2026 to 06/27/2026","Approved","06/21/2026","","ADRES","CO - Adres - Operación Auditoria Cuentas Medicas - Ret","2.00","","Project Management","","",""
"06/19/2026","CASTILLO GIRALDO, DANIEL","DSX: US","06/14/2026 to 06/20/2026","Approved","06/14/2026","","ADRES","CO - Adres - Operación Auditoria Cuentas Medicas - Ret","2.00","","AI Engineering","","",""
"06/19/2026","BERNAL, HERNANDO","DSX: US","06/14/2026 to 06/20/2026","Approved","06/14/2026","","ADRES","CO - Adres - Operación Auditoria Cuentas Medicas - Ret","2.00","","Data Engineering","","",""
"06/19/2026","ZAMBRANO, JUAN","DSX: US","06/14/2026 to 06/20/2026","Approved","06/14/2026","","ADRES","CO - Adres - Operación Auditoria Cuentas Medicas - Ret","0.50","","Data Engineering","","",""
"06/19/2026","ROJAS CHARRY, DIANA CLEMENCIA","DSX: US","06/14/2026 to 06/20/2026","Approved","06/14/2026","","ADRES","CO - Adres - Operación Auditoria Cuentas Medicas - Ret","1.00","","Project Management","","",""
"06/18/2026","CASTILLO GIRALDO, DANIEL","DSX: US","06/14/2026 to 06/20/2026","Approved","06/14/2026","","ADRES","CO - Adres - Operación Auditoria Cuentas Medicas - Ret","2.00","","AI Engineering","","",""
"06/18/2026","ZAMBRANO, JUAN","DSX: US","06/14/2026 to 06/20/2026","Approved","06/14/2026","","ADRES","CO - Adres - Operación Auditoria Cuentas Medicas - Ret","0.50","","Data Engineering","","",""
"06/18/2026","ROJAS CHARRY, DIANA CLEMENCIA","DSX: US","06/14/2026 to 06/20/2026","Approved","06/14/2026","","ADRES","CO - Adres - Operación Auditoria Cuentas Medicas - Ret","1.00","","Project Management","","",""
"06/17/2026","ZAMBRANO, JUAN","DSX: US","06/14/2026 to 06/20/2026","Approved","06/14/2026","","ADRES","CO - Adres - Operación Auditoria Cuentas Medicas - Ret","0.50","","Data Engineering","","",""
"06/17/2026","ROJAS CHARRY, DIANA CLEMENCIA","DSX: US","06/14/2026 to 06/20/2026","Approved","06/14/2026","","ADRES","CO - Adres - Operación Auditoria Cuentas Medicas - Ret","2.00","","Project Management","","",""
"06/16/2026","ZAMBRANO, JUAN","DSX: US","06/14/2026 to 06/20/2026","Approved","06/14/2026","","ADRES","CO - Adres - Operación Auditoria Cuentas Medicas - Ret","0.50","","Data Engineering","","",""
"06/16/2026","ROJAS CHARRY, DIANA CLEMENCIA","DSX: US","06/14/2026 to 06/20/2026","Approved","06/14/2026","","ADRES","CO - Adres - Operación Auditoria Cuentas Medicas - Ret","3.00","","Project Management","","",""
"06/12/2026","BERNAL, HERNANDO","DSX: US","06/07/2026 to 06/13/2026","Approved","06/07/2026","","ADRES","CO - Adres - Operación Auditoria Cuentas Medicas - Ret","2.00","","Data Engineering","","",""
"06/12/2026","ZAMBRANO, JUAN","DSX: US","06/07/2026 to 06/13/2026","Approved","06/07/2026","","ADRES","CO - Adres - Operación Auditoria Cuentas Medicas - Ret","0.50","","Data Engineering","","",""
"06/12/2026","ROJAS CHARRY, DIANA CLEMENCIA","DSX: US","06/07/2026 to 06/13/2026","Approved","06/07/2026","","ADRES","CO - Adres - Operación Auditoria Cuentas Medicas - Ret","2.00","","Project Management","","",""
"06/11/2026","ZAMBRANO, JUAN","DSX: US","06/07/2026 to 06/13/2026","Approved","06/07/2026","","ADRES","CO - Adres - Operación Auditoria Cuentas Medicas - Ret","0.50","","Data Engineering","","",""
"06/11/2026","ROJAS CHARRY, DIANA CLEMENCIA","DSX: US","06/07/2026 to 06/13/2026","Approved","06/07/2026","","ADRES","CO - Adres - Operación Auditoria Cuentas Medicas - Ret","4.00","","Project Management","","",""
"06/10/2026","ZAMBRANO, JUAN","DSX: US","06/07/2026 to 06/13/2026","Approved","06/07/2026","","ADRES","CO - Adres - Operación Auditoria Cuentas Medicas - Ret","0.50","","Data Engineering","","",""
"06/10/2026","ROJAS CHARRY, DIANA CLEMENCIA","DSX: US","06/07/2026 to 06/13/2026","Approved","06/07/2026","","ADRES","CO - Adres - Operación Auditoria Cuentas Medicas - Ret","3.00","","Project Management","","",""
"06/10/2026","CASTILLO GIRALDO, DANIEL","DSX: US","06/07/2026 to 06/13/2026","Approved","06/07/2026","","ADRES","CO - Adres - Operación Auditoria Cuentas Medicas - Ret","2.00","","AI Engineering","","",""
"06/09/2026","ZAMBRANO, JUAN","DSX: US","06/07/2026 to 06/13/2026","Approved","06/07/2026","","ADRES","CO - Adres - Operación Auditoria Cuentas Medicas - Ret","0.50","","Data Engineering","","",""
"06/09/2026","ROJAS CHARRY, DIANA CLEMENCIA","DSX: US","06/07/2026 to 06/13/2026","Approved","06/07/2026","","ADRES","CO - Adres - Operación Auditoria Cuentas Medicas - Ret","6.00","","Project Management","","",""
"06/05/2026","BERNAL, HERNANDO","DSX: US","05/31/2026 to 06/06/2026","Approved","05/31/2026","","ADRES","CO - Adres - Operación Auditoria Cuentas Medicas - Ret","2.00","","Data Engineering","","",""
"06/05/2026","ZAMBRANO, JUAN","DSX: US","05/31/2026 to 06/06/2026","Approved","05/31/2026","","ADRES","CO - Adres - Operación Auditoria Cuentas Medicas - Ret","0.50","","Data Engineering","","",""
"06/05/2026","ROJAS CHARRY, DIANA CLEMENCIA","DSX: US","05/31/2026 to 06/06/2026","Approved","05/31/2026","","ADRES","CO - Adres - Operación Auditoria Cuentas Medicas - Ret","4.00","","Project Management","","",""
"06/04/2026","ZAMBRANO, JUAN","DSX: US","05/31/2026 to 06/06/2026","Approved","05/31/2026","","ADRES","CO - Adres - Operación Auditoria Cuentas Medicas - Ret","0.50","","Data Engineering","","",""
"06/04/2026","ROJAS CHARRY, DIANA CLEMENCIA","DSX: US","05/31/2026 to 06/06/2026","Approved","05/31/2026","","ADRES","CO - Adres - Operación Auditoria Cuentas Medicas - Ret","2.00","","Project Management","","",""
"06/03/2026","ZAMBRANO, JUAN","DSX: US","05/31/2026 to 06/06/2026","Approved","05/31/2026","","ADRES","CO - Adres - Operación Auditoria Cuentas Medicas - Ret","0.50","","Data Engineering","","",""
"06/03/2026","CASTILLO GIRALDO, DANIEL","DSX: US","05/31/2026 to 06/06/2026","Approved","05/31/2026","","ADRES","CO - Adres - Operación Auditoria Cuentas Medicas - Ret","1.00","","AI Engineering","","",""
"06/03/2026","ROJAS CHARRY, DIANA CLEMENCIA","DSX: US","05/31/2026 to 06/06/2026","Approved","05/31/2026","","ADRES","CO - Adres - Operación Auditoria Cuentas Medicas - Ret","3.00","","Project Management","","",""
"06/02/2026","ZAMBRANO, JUAN","DSX: US","05/31/2026 to 06/06/2026","Approved","05/31/2026","","ADRES","CO - Adres - Operación Auditoria Cuentas Medicas - Ret","0.50","","Data Engineering","","",""
"06/02/2026","ROJAS CHARRY, DIANA CLEMENCIA","DSX: US","05/31/2026 to 06/06/2026","Approved","05/31/2026","","ADRES","CO - Adres - Operación Auditoria Cuentas Medicas - Ret","3.00","","Project Management","","",""
"06/01/2026","ZAMBRANO, JUAN","DSX: US","05/31/2026 to 06/06/2026","Approved","05/31/2026","","ADRES","CO - Adres - Operación Auditoria Cuentas Medicas - Ret","0.50","","Data Engineering","","",""
"06/01/2026","CASTILLO GIRALDO, DANIEL","DSX: US","05/31/2026 to 06/06/2026","Approved","05/31/2026","","ADRES","CO - Adres - Operación Auditoria Cuentas Medicas - Ret","1.00","","AI Engineering","","",""
"06/01/2026","ROJAS CHARRY, DIANA CLEMENCIA","DSX: US","05/31/2026 to 06/06/2026","Approved","05/31/2026","","ADRES","CO - Adres - Operación Auditoria Cuentas Medicas - Ret","2.00","","Project Management","","",""
"05/29/2026","ROJAS CHARRY, DIANA CLEMENCIA","DSX: US","05/24/2026 to 05/30/2026","Approved","05/24/2026","","ADRES","CO - Adres - Operación Auditoria Cuentas Medicas - Ret","2.00","","Project Management","","",""
"05/28/2026","BERNAL, HERNANDO","DSX: US","05/24/2026 to 05/30/2026","Approved","05/24/2026","","ADRES","CO - Adres - Operación Auditoria Cuentas Medicas - Ret","1.00","","Data Engineering","","",""
"05/28/2026","RUBIANO, JONNATAN","DSX: US","05/24/2026 to 05/30/2026","Approved","05/24/2026","","ADRES","CO - Adres - Operación Auditoria Cuentas Medicas - Ret","2.00","","Data Engineering","","",""
"05/28/2026","CASTILLO GIRALDO, DANIEL","DSX: US","05/24/2026 to 05/30/2026","Approved","05/24/2026","","ADRES","CO - Adres - Operación Auditoria Cuentas Medicas - Ret","1.00","","AI Engineering","","",""
"05/28/2026","ROJAS CHARRY, DIANA CLEMENCIA","DSX: US","05/24/2026 to 05/30/2026","Approved","05/24/2026","","ADRES","CO - Adres - Operación Auditoria Cuentas Medicas - Ret","2.00","","Project Management","","",""
"05/27/2026","AGUILERA, ARMANDO","DSX: US","05/24/2026 to 05/30/2026","Approved","05/24/2026","","ADRES","CO - Adres - Operación Auditoria Cuentas Medicas - Ret","2.00","","Data Engineering","","",""
"05/27/2026","CASTILLO GIRALDO, DANIEL","DSX: US","05/24/2026 to 05/30/2026","Approved","05/24/2026","","ADRES","CO - Adres - Operación Auditoria Cuentas Medicas - Ret","2.00","","AI Engineering","","",""
"05/27/2026","ROJAS CHARRY, DIANA CLEMENCIA","DSX: US","05/24/2026 to 05/30/2026","Approved","05/24/2026","","ADRES","CO - Adres - Operación Auditoria Cuentas Medicas - Ret","4.00","","Project Management","","",""
"05/26/2026","AGUILERA, ARMANDO","DSX: US","05/24/2026 to 05/30/2026","Approved","05/24/2026","","ADRES","CO - Adres - Operación Auditoria Cuentas Medicas - Ret","1.50","","Data Engineering","","",""
"05/26/2026","ROJAS CHARRY, DIANA CLEMENCIA","DSX: US","05/24/2026 to 05/30/2026","Approved","05/24/2026","","ADRES","CO - Adres - Operación Auditoria Cuentas Medicas - Ret","2.00","","Project Management","","",""
"05/25/2026","BERNAL, HERNANDO","DSX: US","05/24/2026 to 05/30/2026","Approved","05/24/2026","","ADRES","CO - Adres - Operación Auditoria Cuentas Medicas - Ret","2.00","","Data Engineering","","",""
"05/25/2026","RUBIANO, JONNATAN","DSX: US","05/24/2026 to 05/30/2026","Approved","05/24/2026","","ADRES","CO - Adres - Operación Auditoria Cuentas Medicas - Ret","2.00","","Data Engineering","","",""
"05/25/2026","ROJAS CHARRY, DIANA CLEMENCIA","DSX: US","05/24/2026 to 05/30/2026","Approved","05/24/2026","","ADRES","CO - Adres - Operación Auditoria Cuentas Medicas - Ret","4.00","","Project Management","","",""
"05/22/2026","RUBIANO, JONNATAN","DSX: US","05/17/2026 to 05/23/2026","Approved","05/17/2026","","ADRES","CO - Adres - Operación Auditoria Cuentas Medicas - Ret","2.00","","Data Engineering","","",""
"05/22/2026","ROJAS CHARRY, DIANA CLEMENCIA","DSX: US","05/17/2026 to 05/23/2026","Approved","05/17/2026","","ADRES","CO - Adres - Operación Auditoria Cuentas Medicas - Ret","1.00","","Project Management","","",""
"05/21/2026","RUBIANO, JONNATAN","DSX: US","05/17/2026 to 05/23/2026","Approved","05/17/2026","","ADRES","CO - Adres - Operación Auditoria Cuentas Medicas - Ret","2.00","","Data Engineering","","",""
"05/21/2026","CASTILLO GIRALDO, DANIEL","DSX: US","05/17/2026 to 05/23/2026","Approved","05/17/2026","","ADRES","CO - Adres - Operación Auditoria Cuentas Medicas - Ret","1.00","","AI Engineering","","",""
"05/21/2026","BERNAL, HERNANDO","DSX: US","05/17/2026 to 05/23/2026","Approved","05/17/2026","","ADRES","CO - Adres - Operación Auditoria Cuentas Medicas - Ret","1.00","","Data Engineering","","",""
"05/21/2026","ROJAS CHARRY, DIANA CLEMENCIA","DSX: US","05/17/2026 to 05/23/2026","Approved","05/17/2026","","ADRES","CO - Adres - Operación Auditoria Cuentas Medicas - Ret","3.00","","Project Management","","",""
"05/20/2026","RUBIANO, JONNATAN","DSX: US","05/17/2026 to 05/23/2026","Approved","05/17/2026","","ADRES","CO - Adres - Operación Auditoria Cuentas Medicas - Ret","2.00","","Data Engineering","","",""
"05/20/2026","BERNAL, HERNANDO","DSX: US","05/17/2026 to 05/23/2026","Approved","05/17/2026","","ADRES","CO - Adres - Operación Auditoria Cuentas Medicas - Ret","3.00","","Data Engineering","","",""
"05/20/2026","ROJAS CHARRY, DIANA CLEMENCIA","DSX: US","05/17/2026 to 05/23/2026","Approved","05/17/2026","","ADRES","CO - Adres - Operación Auditoria Cuentas Medicas - Ret","3.00","","Project Management","","",""
"05/19/2026","ROJAS CHARRY, DIANA CLEMENCIA","DSX: US","05/17/2026 to 05/23/2026","Approved","05/17/2026","","ADRES","CO - Adres - Operación Auditoria Cuentas Medicas - Ret","4.00","","Project Management","","",""
"05/15/2026","BERNAL, HERNANDO","DSX: US","05/10/2026 to 05/16/2026","Approved","05/10/2026","","ADRES","CO - Adres - Operación Auditoria Cuentas Medicas - Ret","1.00","","Data Engineering","","",""
"05/15/2026","ROJAS CHARRY, DIANA CLEMENCIA","DSX: US","05/10/2026 to 05/16/2026","Approved","05/10/2026","","ADRES","CO - Adres - Operación Auditoria Cuentas Medicas - Ret","2.00","","Project Management","","",""
"05/14/2026","RUBIANO, JONNATAN","DSX: US","05/10/2026 to 05/16/2026","Approved","05/10/2026","","ADRES","CO - Adres - Operación Auditoria Cuentas Medicas - Ret","2.00","","Data Engineering","","",""
"05/14/2026","ROJAS CHARRY, DIANA CLEMENCIA","DSX: US","05/10/2026 to 05/16/2026","Approved","05/10/2026","","ADRES","CO - Adres - Operación Auditoria Cuentas Medicas - Ret","3.00","","Project Management","","",""
"05/13/2026","BERNAL, HERNANDO","DSX: US","05/10/2026 to 05/16/2026","Approved","05/10/2026","","ADRES","CO - Adres - Operación Auditoria Cuentas Medicas - Ret","1.00","","Data Engineering","","",""
"05/13/2026","CASTILLO GIRALDO, DANIEL","DSX: US","05/10/2026 to 05/16/2026","Approved","05/10/2026","","ADRES","CO - Adres - Operación Auditoria Cuentas Medicas - Ret","1.00","","AI Engineering","","",""
"05/13/2026","ROJAS CHARRY, DIANA CLEMENCIA","DSX: US","05/10/2026 to 05/16/2026","Approved","05/10/2026","","ADRES","CO - Adres - Operación Auditoria Cuentas Medicas - Ret","2.00","","Project Management","","",""
"05/11/2026","RUBIANO, JONNATAN","DSX: US","05/10/2026 to 05/16/2026","Approved","05/10/2026","","ADRES","CO - Adres - Operación Auditoria Cuentas Medicas - Ret","2.00","","Data Engineering","","",""
"05/11/2026","ROJAS CHARRY, DIANA CLEMENCIA","DSX: US","05/10/2026 to 05/16/2026","Approved","05/10/2026","","ADRES","CO - Adres - Operación Auditoria Cuentas Medicas - Ret","3.00","","Project Management","","",""
"05/08/2026","RUBIANO, JONNATAN","DSX: US","05/03/2026 to 05/09/2026","Approved","05/03/2026","","ADRES","CO - Adres - Operación Auditoria Cuentas Medicas - Ret","1.00","","Data Engineering","","",""
"05/08/2026","ROJAS CHARRY, DIANA CLEMENCIA","DSX: US","05/03/2026 to 05/09/2026","Approved","05/03/2026","","ADRES","CO - Adres - Operación Auditoria Cuentas Medicas - Ret","2.00","","Project Management","","",""
"05/07/2026","RUBIANO, JONNATAN","DSX: US","05/03/2026 to 05/09/2026","Approved","05/03/2026","","ADRES","CO - Adres - Operación Auditoria Cuentas Medicas - Ret","2.00","","Data Engineering","","",""
"05/07/2026","ROJAS CHARRY, DIANA CLEMENCIA","DSX: US","05/03/2026 to 05/09/2026","Approved","05/03/2026","","ADRES","CO - Adres - Operación Auditoria Cuentas Medicas - Ret","3.00","","Project Management","","",""
"05/06/2026","BERNAL, HERNANDO","DSX: US","05/03/2026 to 05/09/2026","Approved","05/03/2026","","ADRES","CO - Adres - Operación Auditoria Cuentas Medicas - Ret","2.00","","Data Engineering","","",""
"05/06/2026","RUBIANO, JONNATAN","DSX: US","05/03/2026 to 05/09/2026","Approved","05/03/2026","","ADRES","CO - Adres - Operación Auditoria Cuentas Medicas - Ret","2.00","","Data Engineering","","",""
"05/06/2026","ROJAS CHARRY, DIANA CLEMENCIA","DSX: US","05/03/2026 to 05/09/2026","Approved","05/03/2026","","ADRES","CO - Adres - Operación Auditoria Cuentas Medicas - Ret","3.00","","Project Management","","",""
"05/05/2026","RUBIANO, JONNATAN","DSX: US","05/03/2026 to 05/09/2026","Approved","05/03/2026","","ADRES","CO - Adres - Operación Auditoria Cuentas Medicas - Ret","2.00","","Data Engineering","","",""
"05/05/2026","BERNAL, HERNANDO","DSX: US","05/03/2026 to 05/09/2026","Approved","05/03/2026","","ADRES","CO - Adres - Operación Auditoria Cuentas Medicas - Ret","2.00","","Data Engineering","","",""
"05/05/2026","ROJAS CHARRY, DIANA CLEMENCIA","DSX: US","05/03/2026 to 05/09/2026","Approved","05/03/2026","","ADRES","CO - Adres - Operación Auditoria Cuentas Medicas - Ret","5.00","","Project Management","","",""
"05/04/2026","RUBIANO, JONNATAN","DSX: US","05/03/2026 to 05/09/2026","Approved","05/03/2026","","ADRES","CO - Adres - Operación Auditoria Cuentas Medicas - Ret","2.00","","Data Engineering","","",""
"05/04/2026","ROJAS CHARRY, DIANA CLEMENCIA","DSX: US","05/03/2026 to 05/09/2026","Approved","05/03/2026","","ADRES","CO - Adres - Operación Auditoria Cuentas Medicas - Ret","3.00","","Project Management","","",""
"04/30/2026","BERNAL, HERNANDO","DSX: US","04/26/2026 to 05/02/2026","Approved","04/26/2026","","ADRES","CO - Adres - Operación Auditoria Cuentas Medicas - Ret","2.00","","Data Engineering","","",""
"04/30/2026","RUBIANO, JONNATAN","DSX: US","04/26/2026 to 05/02/2026","Approved","04/26/2026","","ADRES","CO - Adres - Operación Auditoria Cuentas Medicas - Ret","2.00","","Data Engineering","","",""
"04/30/2026","ROJAS CHARRY, DIANA CLEMENCIA","DSX: US","04/26/2026 to 05/02/2026","Approved","04/26/2026","","ADRES","CO - Adres - Operación Auditoria Cuentas Medicas - Ret","2.00","","Project Management","","",""
"04/29/2026","BERNAL, HERNANDO","DSX: US","04/26/2026 to 05/02/2026","Approved","04/26/2026","","ADRES","CO - Adres - Operación Auditoria Cuentas Medicas - Ret","4.00","","Data Engineering","","",""
"04/29/2026","RUBIANO, JONNATAN","DSX: US","04/26/2026 to 05/02/2026","Approved","04/26/2026","","ADRES","CO - Adres - Operación Auditoria Cuentas Medicas - Ret","2.00","","Data Engineering","","",""
"04/29/2026","ROJAS CHARRY, DIANA CLEMENCIA","DSX: US","04/26/2026 to 05/02/2026","Approved","04/26/2026","","ADRES","CO - Adres - Operación Auditoria Cuentas Medicas - Ret","6.00","","Project Management","","",""
"04/29/2026","CASTILLO GIRALDO, DANIEL","DSX: US","04/26/2026 to 05/02/2026","Approved","04/26/2026","","ADRES","CO - Adres - Operación Auditoria Cuentas Medicas - Ret","1.00","","AI Engineering","","",""
"04/28/2026","BERNAL, HERNANDO","DSX: US","04/26/2026 to 05/02/2026","Approved","04/26/2026","","ADRES","CO - Adres - Operación Auditoria Cuentas Medicas - Ret","2.00","","Data Engineering","","",""
"04/28/2026","RUBIANO, JONNATAN","DSX: US","04/26/2026 to 05/02/2026","Approved","04/26/2026","","ADRES","CO - Adres - Operación Auditoria Cuentas Medicas - Ret","2.00","","Data Engineering","","",""
"04/28/2026","ROJAS CHARRY, DIANA CLEMENCIA","DSX: US","04/26/2026 to 05/02/2026","Approved","04/26/2026","","ADRES","CO - Adres - Operación Auditoria Cuentas Medicas - Ret","4.00","","Project Management","","",""
"04/27/2026","RUBIANO, JONNATAN","DSX: US","04/26/2026 to 05/02/2026","Approved","04/26/2026","","ADRES","CO - Adres - Operación Auditoria Cuentas Medicas - Ret","2.00","","Data Engineering","","",""
"04/27/2026","ROJAS CHARRY, DIANA CLEMENCIA","DSX: US","04/26/2026 to 05/02/2026","Approved","04/26/2026","","ADRES","CO - Adres - Operación Auditoria Cuentas Medicas - Ret","2.00","","Project Management","","",""
"04/27/2026","CASTILLO GIRALDO, DANIEL","DSX: US","04/26/2026 to 05/02/2026","Approved","04/26/2026","","ADRES","CO - Adres - Operación Auditoria Cuentas Medicas - Ret","1.00","","AI Engineering","","",""
"04/24/2026","RUBIANO, JONNATAN","DSX: US","04/19/2026 to 04/25/2026","Approved","04/19/2026","","ADRES","CO - Adres - Operación Auditoria Cuentas Medicas - Ret","2.00","","Data Engineering","","",""
"04/24/2026","ROJAS CHARRY, DIANA CLEMENCIA","DSX: US","04/19/2026 to 04/25/2026","Approved","04/19/2026","","ADRES","CO - Adres - Operación Auditoria Cuentas Medicas - Ret","3.00","","Project Management","","",""
"04/23/2026","RUBIANO, JONNATAN","DSX: US","04/19/2026 to 04/25/2026","Approved","04/19/2026","","ADRES","CO - Adres - Operación Auditoria Cuentas Medicas - Ret","2.00","","Data Engineering","","",""
"04/23/2026","ROJAS CHARRY, DIANA CLEMENCIA","DSX: US","04/19/2026 to 04/25/2026","Approved","04/19/2026","","ADRES","CO - Adres - Operación Auditoria Cuentas Medicas - Ret","4.00","","Project Management","","",""
"04/22/2026","RUBIANO, JONNATAN","DSX: US","04/19/2026 to 04/25/2026","Approved","04/19/2026","","ADRES","CO - Adres - Operación Auditoria Cuentas Medicas - Ret","2.00","","Data Engineering","","",""
"04/21/2026","RUBIANO, JONNATAN","DSX: US","04/19/2026 to 04/25/2026","Approved","04/19/2026","","ADRES","CO - Adres - Operación Auditoria Cuentas Medicas - Ret","2.00","","Data Engineering","","",""
"04/21/2026","ROJAS CHARRY, DIANA CLEMENCIA","DSX: US","04/19/2026 to 04/25/2026","Approved","04/19/2026","","ADRES","CO - Adres - Operación Auditoria Cuentas Medicas - Ret","2.00","","Project Management","","",""
"04/20/2026","RUBIANO, JONNATAN","DSX: US","04/19/2026 to 04/25/2026","Approved","04/19/2026","","ADRES","CO - Adres - Operación Auditoria Cuentas Medicas - Ret","2.00","","Data Engineering","","",""
"04/17/2026","ROJAS CHARRY, DIANA CLEMENCIA","DSX: US","04/12/2026 to 04/18/2026","Approved","04/12/2026","","ADRES","CO - Adres - Operación Auditoria Cuentas Medicas - Ret","4.00","","Project Management","","",""
"04/17/2026","RUBIANO, JONNATAN","DSX: US","04/12/2026 to 04/18/2026","Approved","04/12/2026","","ADRES","CO - Adres - Operación Auditoria Cuentas Medicas - Ret","1.00","","Data Engineering","","",""
"04/16/2026","ROJAS CHARRY, DIANA CLEMENCIA","DSX: US","04/12/2026 to 04/18/2026","Approved","04/12/2026","","ADRES","CO - Adres - Operación Auditoria Cuentas Medicas - Ret","4.00","","Project Management","","",""
"04/16/2026","RUBIANO, JONNATAN","DSX: US","04/12/2026 to 04/18/2026","Approved","04/12/2026","","ADRES","CO - Adres - Operación Auditoria Cuentas Medicas - Ret","2.00","","Data Engineering","","",""
"04/15/2026","ROJAS CHARRY, DIANA CLEMENCIA","DSX: US","04/12/2026 to 04/18/2026","Approved","04/12/2026","","ADRES","CO - Adres - Operación Auditoria Cuentas Medicas - Ret","2.00","","Project Management","","",""
"04/15/2026","RUBIANO, JONNATAN","DSX: US","04/12/2026 to 04/18/2026","Approved","04/12/2026","","ADRES","CO - Adres - Operación Auditoria Cuentas Medicas - Ret","2.00","","Data Engineering","","",""
"04/14/2026","ROJAS CHARRY, DIANA CLEMENCIA","DSX: US","04/12/2026 to 04/18/2026","Approved","04/12/2026","","ADRES","CO - Adres - Operación Auditoria Cuentas Medicas - Ret","3.00","","Project Management","","",""
"04/13/2026","RUBIANO, JONNATAN","DSX: US","04/12/2026 to 04/18/2026","Approved","04/12/2026","","ADRES","CO - Adres - Operación Auditoria Cuentas Medicas - Ret","3.00","","Data Engineering","","",""
"04/10/2026","ROJAS CHARRY, DIANA CLEMENCIA","DSX: US","04/05/2026 to 04/11/2026","Approved","04/05/2026","","ADRES","CO - Adres - Operación Auditoria Cuentas Medicas - Ret","4.00","","Project Management","","",""
"04/09/2026","ROJAS CHARRY, DIANA CLEMENCIA","DSX: US","04/05/2026 to 04/11/2026","Approved","04/05/2026","","ADRES","CO - Adres - Operación Auditoria Cuentas Medicas - Ret","4.00","","Project Management","","",""
"04/08/2026","ROJAS CHARRY, DIANA CLEMENCIA","DSX: US","04/05/2026 to 04/11/2026","Approved","04/05/2026","","ADRES","CO - Adres - Operación Auditoria Cuentas Medicas - Ret","2.00","","Project Management","","",""
"04/07/2026","ROJAS CHARRY, DIANA CLEMENCIA","DSX: US","04/05/2026 to 04/11/2026","Approved","04/05/2026","","ADRES","CO - Adres - Operación Auditoria Cuentas Medicas - Ret","4.00","","Project Management","","",""
